name,generator,rate,fliprate,seglimit,samples,duration_ms,avg_sample_rate_hz
tone_rate11_flip1E,1,$11,$1E,$14,686,67.9,10095
tone_rate16_flip00,1,$16,$00,$00,1953,220.9,8835
tone_rate02_flip00,1,$02,$00,$00,1953,111.9,17447
noise_rate05,2,$05,$00,$00,926,87.3,10601
waveA_rate03,3,$03,$00,$00,1072,68.5,15645
waveB_rate08,4,$08,$00,$00,1024,81.7,12521
waveB_rate0E,4,$0E,$00,$00,1024,98.8,10349
waveB_rate11,4,$11,$00,$00,1024,107.4,9523
waveB_rate15,4,$15,$00,$00,1024,118.9,8607
waveC_rate0B,5,$0B,$00,$00,369,32.6,11303
game_tone_r01_f60_l1C,1,$01,$60,$1C,1255,68.4,18324
game_tone_r01_f70_l28,1,$01,$70,$28,1953,106.5,18331
game_tone_r01_fC0_l15,1,$01,$C0,$15,755,41.1,18354
game_tone_r01_f00_l38,1,$01,$00,$38,1953,106.4,18340
game_noise_r01_l08,2,$01,$00,$08,328,28.3,11574
game_noise_r01_l10,2,$01,$00,$10,926,76.9,12026
game_waveA_r01_l4C,3,$01,$00,$4C,1072,62.5,17144
game_waveB_r01_l1C,4,$01,$00,$1C,203,12.3,16384
